location,total_cases,total_deaths,total_vaccinations,population,Mortality Rate (%),Vaccination Rate (%)
Afghanistan,162926.0,7414.0,5125146.0,41128772.0,4.55,12.46
Africa,10887086.0,238995.0,354400724.0,1426736614.0,2.2,24.84
Albania,258543.0,3346.0,2523683.0,2842318.0,1.29,88.79
Algeria,252117.0,6579.0,12974545.0,44903228.0,2.61,28.89
Andorra,35958.0,145.0,140193.0,79843.0,0.4,175.59
Angola,98116.0,1895.0,14588435.0,35588996.0,1.93,40.99
Anguilla,2324.0,8.0,21449.0,15877.0,0.34,135.09
Antigua and Barbuda,6627.0,127.0,123555.0,93772.0,1.92,131.76
Argentina,8378656.0,121273.0,88931451.0,45510324.0,1.45,195.41
Armenia,367795.0,8053.0,1883413.0,2780472.0,2.19,67.74
Aruba,33000.0,193.0,166440.0,106459.0,0.58,156.34
Asia,100788829.0,1297265.0,6832455588.0,4721383370.0,1.29,144.71
Australia,2607242.0,3835.0,49866290.0,26177410.0,0.15,190.49
Austria,1835602.0,17207.0,17759608.0,8939617.0,0.94,198.66
Azerbaijan,658470.0,8734.0,12000767.0,10358078.0,1.33,115.86
Bahamas,32562.0,746.0,318916.0,409989.0,2.29,77.79
Bahrain,374575.0,1408.0,3357017.0,1472237.0,0.38,228.02
Bangladesh,1798833.0,28394.0,156416604.0,171186368.0,1.58,91.37
Barbados,44430.0,280.0,305374.0,281646.0,0.63,108.42
Belarus,742953.0,6052.0,10028295.0,9534956.0,0.81,105.17
Belgium,3155239.0,29052.0,24220440.0,11655923.0,0.92,207.8
Belize,50487.0,625.0,445691.0,405285.0,1.24,109.97
Benin,26450.0,163.0,2138322.0,13352864.0,0.62,16.01
Bermuda,10793.0,117.0,120535.0,64207.0,1.08,187.73
Bhutan,4891.0,4.0,1435774.0,782457.0,0.08,183.5
Bolivia,855705.0,20951.0,11860582.0,12224114.0,2.45,97.03
Bonaire Sint Eustatius and Saba,7001.0,28.0,35845.0,27052.0,0.4,132.5
Bosnia and Herzegovina,347467.0,14447.0,1924950.0,3233530.0,4.16,59.53
Botswana,253036.0,2581.0,1128095.0,2630300.0,1.02,42.89
Brazil,25463530.0,627589.0,362503209.0,215313504.0,2.46,168.36
British Virgin Islands,5875.0,49.0,36330.0,31332.0,0.83,115.95
Brunei,16476.0,98.0,979285.0,449002.0,0.59,218.1
Bulgaria,951965.0,33318.0,4165478.0,6781955.0,3.5,61.42
Burkina Faso,20624.0,366.0,1259250.0,22673764.0,1.77,5.55
Burundi,37432.0,38.0,8400.0,12889583.0,0.1,0.07
Cambodia,121355.0,3015.0,33144777.0,16767851.0,2.48,197.67
Cameroon,116718.0,1880.0,1024333.0,27914542.0,1.61,3.67
Canada,3073654.0,33870.0,78058871.0,38454328.0,1.1,202.99
Cape Verde,55695.0,396.0,611615.0,593162.0,0.71,103.11
Cayman Islands,13788.0,15.0,137430.0,68722.0,0.11,199.98
Central African Republic,13919.0,110.0,652134.0,5579148.0,0.79,11.69
Chad,7155.0,190.0,392157.0,17723312.0,2.66,2.21
Chile,2165984.0,39721.0,46712392.0,19603736.0,1.83,238.28
China,120069.0,4906.0,3000532000.0,1425887360.0,4.09,210.43
Colombia,5887261.0,134300.0,71927908.0,51874028.0,2.28,138.66
Comoros,7832.0,160.0,598000.0,836783.0,2.04,71.46
Congo,23705.0,371.0,758891.0,5970430.0,1.57,12.71
Cook Islands,2.0,0.0,25601.0,17032.0,0.0,150.31
Costa Rica,694865.0,7575.0,8315360.0,5180836.0,1.09,160.5
Cote d'Ivoire,80718.0,785.0,7591109.0,28160548.0,0.97,26.96
Croatia,937167.0,13827.0,5100960.0,4030361.0,1.48,126.56
Cuba,1044790.0,8399.0,34298831.0,11212198.0,0.8,305.91
Curacao,37128.0,232.0,240373.0,191173.0,0.62,125.74
Cyprus,256746.0,733.0,1693504.0,896007.0,0.29,189.01
Czechia,3115889.0,37209.0,17057884.0,10493990.0,1.19,162.55
Democratic Republic of Congo,85379.0,1278.0,468253.0,99010216.0,1.5,0.47
Denmark,1742569.0,3755.0,12907072.0,5882259.0,0.22,219.42
Djibouti,15464.0,189.0,150755.0,1120851.0,1.22,13.45
Dominica,9032.0,51.0,60254.0,72758.0,0.56,82.81
Dominican Republic,555245.0,4307.0,14773753.0,11228821.0,0.78,131.57
Ecuador,732038.0,34533.0,30028057.0,18001002.0,4.72,166.81
Egypt,425911.0,22635.0,65052928.0,110990096.0,5.31,58.61
El Salvador,135109.0,3899.0,9978576.0,6336393.0,2.89,157.48
England,0.0,0.0,115860495.0,56550000.0,,204.88
Equatorial Guinea,15802.0,182.0,455655.0,1674916.0,1.15,27.2
Eritrea,9536.0,98.0,0.0,3684041.0,1.03,0.0
Estonia,337543.0,2036.0,1920110.0,1326064.0,0.6,144.8
Eswatini,68367.0,1375.0,462652.0,1201680.0,2.01,38.5
Ethiopia,465158.0,7337.0,10975026.0,123379928.0,1.58,8.9
Europe,128062583.0,1651500.0,1207296051.0,744807803.0,1.29,162.09
European Union,87469660.0,958980.0,827129955.0,450146793.0,1.1,183.75
Faeroe Islands,19625.0,18.0,103223.0,53117.0,0.09,194.33
Falkland Islands,89.0,0.0,4407.0,3801.0,0.0,115.94
Fiji,62855.0,801.0,1279166.0,929769.0,1.27,137.58
Finland,489870.0,1990.0,11008185.0,5540745.0,0.41,198.68
France,19196399.0,131011.0,137259401.0,67813000.0,0.68,202.41
French Polynesia,48266.0,636.0,342983.0,306292.0,1.32,111.98
Gabon,46925.0,301.0,499247.0,2388997.0,0.64,20.9
Gambia,11842.0,362.0,349875.0,2705995.0,3.06,12.93
Georgia,1175923.0,14930.0,2722187.0,3744385.0,1.27,72.7
Germany,9815533.0,117786.0,169137220.0,83369840.0,1.2,202.88
Ghana,156920.0,1395.0,10015888.0,33475870.0,0.89,29.92
Gibraltar,12950.0,101.0,111101.0,32677.0,0.78,340.0
Greece,1940723.0,23500.0,19361091.0,10384972.0,1.21,186.43
Greenland,10707.0,5.0,79539.0,56494.0,0.05,140.79
Grenada,12336.0,210.0,84131.0,125459.0,1.7,67.06
Guam,0.0,0.0,0.0,171783.0,,0.0
Guatemala,690290.0,16385.0,13451175.0,17843914.0,2.37,75.38
Guernsey,0.0,0.0,145743.0,63329.0,,230.14
Guinea,36166.0,419.0,4749322.0,13859349.0,1.16,34.27
Guinea-Bissau,7586.0,156.0,423400.0,2105580.0,2.06,20.11
Guyana,59889.0,1168.0,775229.0,808727.0,1.95,95.86
Haiti,29477.0,804.0,224249.0,11585003.0,2.73,1.94
High income,201934108.0,2167737.0,2255383620.0,1250514600.0,1.07,180.36
Honduras,391874.0,10512.0,10272600.0,10432858.0,2.68,98.46
Hong Kong,14197.0,213.0,11125644.0,7488863.0,1.5,148.56
Hungary,1553405.0,41405.0,15927853.0,9967304.0,2.67,159.8
Iceland,67673.0,46.0,775708.0,372903.0,0.07,208.02
India,41469499.0,496242.0,1664786038.0,1417173120.0,1.2,117.47
Indonesia,4353370.0,144320.0,274749184.0,275501344.0,3.32,99.73
International,721.0,15.0,0.0,88550568.0,2.08,0.0
Iran,6373174.0,132454.0,132202293.0,88550568.0,2.08,149.3
Iraq,2210582.0,24389.0,15622179.0,44496124.0,1.1,35.11
Ireland,1183008.0,6136.0,10457517.0,5023108.0,0.52,208.19
Isle of Man,21567.0,71.0,184858.0,84534.0,0.33,218.68
Israel,2900569.0,8805.0,17928485.0,9449000.0,0.3,189.74
Italy,10983116.0,146498.0,128429186.0,59037472.0,1.33,217.54
Jamaica,124512.0,2658.0,1303898.0,2827382.0,2.13,46.12
Japan,2743726.0,18815.0,207976179.0,123951696.0,0.69,167.79
Jersey,0.0,0.0,219845.0,110796.0,,198.42
Jordan,1225309.0,13217.0,9147386.0,11285875.0,1.08,81.05
Kazakhstan,1325293.0,18508.0,17941272.0,19397998.0,1.4,92.49
Kenya,321381.0,5583.0,12252574.0,54027484.0,1.74,22.68
Kiribati,460.0,0.0,111686.0,131237.0,0.0,85.1
Kosovo,205938.0,3015.0,1777085.0,1782115.0,1.46,99.72
Kuwait,545717.0,2497.0,7332551.0,4268886.0,0.46,171.77
Kyrgyzstan,198316.0,2880.0,2498929.0,6630621.0,1.45,37.69
Laos,133853.0,547.0,7808722.0,7529477.0,0.41,103.71
Latvia,392764.0,4873.0,2787898.0,1850654.0,1.24,150.64
Lebanon,921208.0,9606.0,4902087.0,5489744.0,1.04,89.3
Lesotho,32176.0,693.0,857925.0,2305826.0,2.15,37.21
Liberia,7272.0,290.0,880313.0,5302690.0,3.99,16.6
Libya,429666.0,6017.0,3051024.0,6812344.0,1.4,44.79
Liechtenstein,8928.0,73.0,69088.0,39355.0,0.82,175.55
Lithuania,705158.0,7889.0,4415212.0,2750058.0,1.12,160.55
Low income,2073446.0,44275.0,95658004.0,737604900.0,2.14,12.97
Lower middle income,76477557.0,1235873.0,3229474082.0,3432097300.0,1.62,94.1
Luxembourg,157985.0,952.0,1231303.0,647601.0,0.6,190.13
Macao,79.0,0.0,1041508.0,695180.0,0.0,149.82
Madagascar,59319.0,1274.0,971426.0,29611718.0,2.15,3.28
Malawi,84475.0,2561.0,1881955.0,20405318.0,3.03,9.22
Malaysia,2870758.0,31978.0,63730246.0,33938216.0,1.11,187.78
Maldives,138880.0,276.0,843409.0,523798.0,0.2,161.02
Mali,30052.0,714.0,1488256.0,22593598.0,2.38,6.59
Malta,67717.0,550.0,1213371.0,533293.0,0.81,227.52
Marshall Islands,7.0,0.0,0.0,41593.0,0.0,0.0
Mauritania,58243.0,953.0,1937226.0,4736146.0,1.64,40.9
Mauritius,105935.0,822.0,2036896.0,1299478.0,0.78,156.75
Mexico,4942590.0,306091.0,165750330.0,127504120.0,6.19,130.0
Micronesia (country),1.0,0.0,0.0,114178.0,0.0,0.0
Moldova,440698.0,10642.0,1931716.0,3272993.0,2.41,59.02
Monaco,8183.0,47.0,65140.0,36491.0,0.57,178.51
Mongolia,841848.0,2036.0,5446952.0,3398373.0,0.24,160.28
Montenegro,219775.0,2564.0,654000.0,627082.0,1.17,104.29
Montserrat,163.0,1.0,3804.0,4413.0,0.61,86.2
Morocco,1132716.0,15400.0,52203154.0,37457976.0,1.36,139.36
Mozambique,223827.0,2173.0,19066507.0,32969520.0,0.97,57.83
Myanmar,535532.0,19310.0,40953452.0,54179312.0,3.61,75.59
Namibia,155899.0,3967.0,773702.0,2567024.0,2.54,30.14
Nauru,0.0,0.0,15128.0,12691.0,,119.2
Nepal,953913.0,11743.0,31642503.0,30547586.0,1.23,103.58
Netherlands,4547587.0,21356.0,32289550.0,17564020.0,0.47,183.84
New Caledonia,20486.0,283.0,363290.0,289959.0,1.38,125.29
New Zealand,16620.0,52.0,9461050.0,5185289.0,0.31,182.46
Nicaragua,13681.0,220.0,8659628.0,6948395.0,1.61,124.63
Niger,8652.0,298.0,1798575.0,26207982.0,3.44,6.86
Nigeria,253181.0,3136.0,20617588.0,218541216.0,1.24,9.43
Niue,0.0,0.0,2628.0,1952.0,,134.63
North America,88065988.0,1297958.0,906250023.0,600323657.0,1.47,150.96
North Korea,0.0,0.0,0.0,26069416.0,,0.0
North Macedonia,268901.0,8409.0,1804728.0,2093606.0,3.13,86.2
Northern Cyprus,0.0,0.0,617389.0,382836.0,,161.27
Northern Ireland,0.0,0.0,3670010.0,1896000.0,,193.57
Northern Mariana Islands,0.0,0.0,0.0,49574.0,,0.0
Norway,781049.0,1440.0,11038767.0,5434324.0,0.18,203.13
Oceania,2792826.0,6221.0,62872419.0,45038860.0,0.22,139.6
Oman,338880.0,4146.0,6600551.0,4576300.0,1.22,144.23
Pakistan,1430366.0,29301.0,174085175.0,235824864.0,2.05,73.82
Palau,1633.0,0.0,0.0,18084.0,0.0,0.0
Palestine,524716.0,5098.0,3425379.0,5250076.0,0.97,65.24
Panama,697124.0,7716.0,7040071.0,4408582.0,1.11,159.69
Papua New Guinea,36866.0,597.0,522939.0,10142625.0,1.62,5.16
Paraguay,583662.0,17321.0,7478535.0,6780745.0,2.97,110.29
Peru,3239538.0,205834.0,57709589.0,34049588.0,6.35,169.49
Philippines,3560202.0,54003.0,126951502.0,115559008.0,1.52,109.86
Pitcairn,0.0,0.0,94.0,47.0,,200.0
Poland,4886154.0,105194.0,51658515.0,39857144.0,2.15,129.61
Portugal,2689167.0,19905.0,22352429.0,10270857.0,0.74,217.63
Puerto Rico,0.0,0.0,0.0,3252412.0,,0.0
Qatar,339147.0,645.0,5819013.0,2695131.0,0.19,215.91
Romania,2216525.0,60025.0,16432047.0,19659270.0,2.71,83.58
Russia,11670366.0,324672.0,154374065.0,144713312.0,2.78,106.68
Rwanda,128891.0,1440.0,16555832.0,13776702.0,1.12,120.17
Saint Helena,4.0,0.0,7892.0,5401.0,0.0,146.12
Saint Kitts and Nevis,5422.0,33.0,56698.0,47681.0,0.61,118.91
Saint Lucia,20942.0,328.0,108090.0,179872.0,1.57,60.09
Saint Pierre and Miquelon,891.0,0.0,0.0,5885.0,0.0,0.0
Saint Vincent and the Grenadines,9447.0,94.0,64440.0,103959.0,1.0,61.99
Samoa,32.0,0.0,267016.0,222390.0,0.0,120.07
San Marino,12884.0,109.0,63366.0,33690.0,0.85,188.09
Sao Tome and Principe,5890.0,69.0,182238.0,227393.0,1.17,80.14
Saudi Arabia,687264.0,8940.0,57328405.0,36408824.0,1.3,157.46
Scotland,0.0,0.0,11844646.0,5466000.0,,216.7
Senegal,84999.0,1946.0,1923773.0,17316452.0,2.29,11.11
Serbia,1677798.0,13629.0,8402695.0,6871547.0,0.81,122.28
Seychelles,37190.0,154.0,190758.0,107135.0,0.41,178.05
Sierra Leone,7623.0,125.0,1409313.0,8605723.0,1.64,16.38
Singapore,352811.0,855.0,13006440.0,5637022.0,0.24,230.73
Sint Maarten (Dutch part),0.0,0.0,60098.0,44192.0,,135.99
Slovakia,1569299.0,17830.0,5635086.0,5643455.0,1.14,99.85
Slovenia,710821.0,5866.0,2915311.0,2119843.0,0.83,137.52
Solomon Islands,1183.0,9.0,271063.0,724272.0,0.76,37.43
Somalia,25388.0,1335.0,1610500.0,17597508.0,5.26,9.15
South Africa,3605222.0,95093.0,29884699.0,59893884.0,2.64,49.9
South America,48594520.0,1215879.0,721218796.0,436816679.0,2.5,165.11
South Korea,864042.0,6772.0,114604100.0,51815808.0,0.78,221.18
South Sudan,16794.0,137.0,342153.0,10913172.0,0.82,3.14
Spain,9961253.0,93225.0,90272896.0,47558632.0,0.94,189.81
Sri Lanka,611185.0,15441.0,35764626.0,21832150.0,2.53,163.82
Sudan,57632.0,3441.0,3718299.0,46874200.0,5.97,7.93
Suriname,73769.0,1263.0,497428.0,618046.0,1.71,80.48
Sweden,2070456.0,15855.0,19520828.0,10549349.0,0.77,185.04
Switzerland,2220539.0,12708.0,15318268.0,8740471.0,0.57,175.26
Syria,51402.0,2989.0,2974507.0,22125242.0,5.81,13.44
Taiwan,18790.0,851.0,41984449.0,23893396.0,4.53,175.72
Tajikistan,17706.0,125.0,8305260.0,9952789.0,0.71,83.45
Tanzania,33230.0,789.0,3226750.0,65497752.0,2.37,4.93
Thailand,2440542.0,22173.0,116749385.0,71697024.0,0.91,162.84
Timor,19946.0,122.0,1237678.0,1341298.0,0.61,92.27
Togo,36491.0,268.0,2515341.0,8848700.0,0.73,28.43
Tokelau,0.0,0.0,1936.0,1893.0,,102.27
Tonga,1.0,0.0,138684.0,106867.0,0.0,129.77
Trinidad and Tobago,111549.0,3404.0,1480799.0,1531043.0,3.05,96.72
Tunisia,909813.0,26288.0,12757250.0,12356116.0,2.89,103.25
Turkey,11619882.0,87416.0,141981790.0,85341248.0,0.75,166.37
Turkmenistan,0.0,0.0,51746.0,6430777.0,,0.8
Turks and Caicos Islands,5727.0,34.0,56343.0,45726.0,0.59,123.22
Tuvalu,0.0,0.0,12114.0,11335.0,,106.87
Uganda,161839.0,3533.0,12911692.0,47249588.0,2.18,27.33
Ukraine,4255206.0,106880.0,30366236.0,39701744.0,2.51,76.49
United Arab Emirates,845058.0,2243.0,23502501.0,9441138.0,0.27,248.94
United Kingdom,17315893.0,184106.0,138143343.0,67508936.0,1.06,204.63
United States,75244090.0,888942.0,550116547.0,338289856.0,1.18,162.62
United States Virgin Islands,0.0,0.0,0.0,99479.0,,0.0
Upper middle income,98672197.0,2259889.0,4503911791.0,2525921300.0,2.29,178.31
Uruguay,668425.0,6479.0,7437334.0,3422796.0,0.97,217.29
Uzbekistan,223008.0,1564.0,40165642.0,34627648.0,0.7,115.99
Vanuatu,7.0,1.0,178464.0,326744.0,14.29,54.62
Vatican,29.0,0.0,0.0,808.0,0.0,0.0
Venezuela,485974.0,5447.0,35352675.0,28301700.0,1.12,124.91
Vietnam,2275727.0,37777.0,181280001.0,98186856.0,1.66,184.63
Wales,0.0,0.0,6768192.0,3170000.0,,213.51
Wallis and Futuna,454.0,7.0,12287.0,11596.0,1.54,105.96
World,379168986.0,5707833.0,10084493601.0,7975105024.0,1.51,126.45
Yemen,11019.0,2012.0,744060.0,33696612.0,18.26,2.21
Zambia,305047.0,3917.0,2386312.0,20017670.0,1.28,11.92
Zimbabwe,229666.0,5338.0,7632514.0,16320539.0,2.32,46.77
